insert into bank VALUES
(1, 'Al-Ahly', 'Cairo'),
(2, 'QNB', 'Giza'),
(3, 'Al-Qahira', 'Alexandria'),
(4, 'HSBC', 'Cairo'),
(5, 'CIB', 'Giza');

insert into branch VALUES
(1, 1, 'Zamalek'),
(2, 1, 'Al-Ahram'),
(3, 1, 'Sidi Bishr'),
(4, 1, 'Mohandessin'),
(5, 1, 'Al-Ahram'),
(1, 2, 'New Cairo'),
(2, 2, '6th of October City'),
(3, 2, 'Bahary'),
(1, 3, 'Nasr City');

insert into customer VALUES
(1, 'Adham', '01012345678', '6th of October City'),
(2, 'Ahmed', '01117140568', '6th of October City'),
(3, 'Yahya', '01228743294', 'Alexandria'),
(4, 'Afnan', '01538234989', 'Al-Haram'),
(5, 'Abdullah', '01027318281', 'Bolak Ad-Dakrour'),
(6, 'Mohamed', '01138721897', 'Mohandessin'),
(7, 'Ali', '01198217298', 'The 5th Settlement'),
(8, 'Hassan', '01098212345', 'Nasr City'),
(9, 'Khaled', '01234567890', 'Maadi'),
(10, 'Omar', '01123456789', 'Heliopolis'),
(11, 'Hana', '01512345678', 'Zamalek'),
(12, 'Sara', '01011112222', 'Garden City'),
(13, 'Tamer', '01222223333', 'Downtown'),
(14, 'Noor', '01133334444', 'Dokki'),
(15, 'Laila', '01544445555', 'Shubra'),
(16, 'Mona', '01055556666', 'Mokattam'),
(17, 'Ayman', '01166667777', 'Ain Shams'),
(18, 'Farah', '01277778888', 'Giza'),
(19, 'Ziad', '01588889999', 'Obour City'),
(20, 'Rana', '01099990000', '6th of October City'),
(21, 'Basel', '01200001111', 'Sheikh Zayed'),
(22, 'Nadine', '01111112222', 'New Cairo'),
(23, 'Salma', '01522223333', 'Al Rehab City');

INSERT INTO loan (bankcode, branchnumber, loannumber, type) VALUES
(1, 1, 1, 'Personal Loan'),
(1, 2, 1, 'Personal Loan'),
(1, 2, 2, 'Business Loan'),
(1, 3, 1, 'Home Loan'),
(1, 3, 2, 'Car Loan'),
(2, 1, 1, 'Personal Loan'),
(2, 1, 2, 'Home Loan'),
(2, 2, 1, 'Car Loan'),
(2, 2, 2, 'Education Loan'),
(2, 2, 3, 'Personal Loan'),
(3, 1, 1, 'Business Loan'),
(3, 1, 2, 'Home Loan'),
(3, 1, 3, 'Education Loan'),
(3, 2, 1, 'Personal Loan'),
(4, 1, 1, 'Personal Loan'),
(4, 1, 2, 'Home Loan'),
(4, 1, 3, 'Education Loan'),
(5, 1, 1, 'Car Loan'),
(5, 1, 2, 'Business Loan');

INSERT INTO account (accountnumber, ssn, type, balance) VALUES
(1, 1, 'checking', 3218.66),
(2, 1, 'savings', 148.71),
(3, 2, 'checking', 5021.45),
(4, 2, 'savings', 210.89),
(5, 3, 'checking', 1450.00),
(6, 3, 'investment', 10000.00),
(7, 4, 'savings', 560.23),
(8, 5, 'checking', 3250.12),
(9, 5, 'investment', 7580.55),
(10, 6, 'checking', 1800.75),
(11, 6, 'savings', 300.40),
(12, 6, 'business', 15000.00),
(13, 7, 'savings', 820.50),
(14, 8, 'checking', 1220.75),
(15, 9, 'checking', 670.89),
(16, 9, 'savings', 400.10),
(17, 9, 'investment', 12500.75),
(18, 10, 'checking', 2750.30),
(19, 10, 'savings', 600.45),
(20, 11, 'savings', 920.80),
(21, 12, 'checking', 3050.10),
(22, 12, 'investment', 7000.00),
(23, 13, 'business', 20000.00),
(24, 14, 'checking', 4120.55),
(25, 15, 'savings', 170.25),
(26, 15, 'investment', 3500.00),
(27, 16, 'checking', 2230.70),
(28, 17, 'savings', 510.55),
(29, 18, 'checking', 1100.00),
(30, 19, 'savings', 250.75),
(31, 20, 'checking', 2950.85),
(32, 21, 'savings', 375.40),
(33, 21, 'business', 12500.00),
(34, 22, 'checking', 3850.90),
(35, 23, 'savings', 180.60),
(36, 23, 'investment', 1500.00);

INSERT INTO borrows VALUES
(1, 1, 1, 1, 8000, '2024-05-01'),
(2, 1, 1, 1, 10000, '2024-03-15'),
(1, 2, 2, 2, 8000, '2024-05-01'),
(2, 1, 1, 2, 10000, '2024-03-15'),
(1, 2, 2, 3, 7500, '2023-07-10'),
(2, 2, 3, 4, 12000, '2024-01-05'),
(5, 1, 1, 4, 9000, '2023-11-20'),
(1, 2, 1, 7, 8000, '2024-02-25'),
(2, 1, 2, 7, 11000, '2023-12-30'),
(3, 2, 1, 8, 9500, '2023-10-01'),
(3, 1, 2, 8, 9500, '2023-10-01'),
(2, 2, 1, 8, 9500, '2023-10-01'),
(3, 1, 3, 11, 13000, '2024-03-20'),
(2, 1, 2, 13, 10500, '2024-02-28'),
(3, 1, 2, 13, 8300, '2023-12-12'),
(4, 1, 3, 14, 8800, '2024-03-27'),
(2, 1, 2, 17, 10500, '2024-02-28'),
(3, 1, 2, 18, 8300, '2023-12-12'),
(4, 1, 3, 20, 8800, '2024-03-30'),
(5, 1, 2, 20, 9200, '2023-04-22'),
(1, 2, 2, 22, 11000, '2024-05-14'),
(2, 2, 2, 22, 9500, '2023-11-07'),
(5, 1, 1, 23, 9200, '2023-05-22');

INSERT INTO has VALUES
(1, 1, 1),
(4, 1, 1),
(5, 1, 1),
(1, 2, 1),
(2, 2, 1),
(3, 2, 1),
(1, 3, 1),
(1, 1, 2),
(4, 1, 2),
(5, 1, 2),
(1, 2, 2),
(3, 2, 2),
(1, 3, 2),
(1, 1, 3),
(4, 1, 3),
(5, 1, 3),
(1, 2, 3),
(2, 2, 3),
(3, 2, 3),
(2, 1, 4),
(3, 1, 4),
(4, 1, 4),
(5, 1, 4),
(1, 2, 4),
(2, 2, 4),
(1, 3, 4),
(1, 1, 5),
(2, 1, 5),
(5, 1, 5),
(3, 2, 5),
(1, 3, 5),
(1, 1, 6),
(2, 1, 6),
(5, 1, 6),
(1, 2, 6),
(2, 2, 6),
(2, 1, 7),
(3, 1, 7),
(4, 1, 7),
(5, 1, 7),
(1, 2, 7),
(2, 2, 7),
(2, 1, 8),
(3, 1, 8),
(4, 1, 8),
(3, 2, 8),
(1, 3, 8),
(4, 1, 9),
(5, 1, 9),
(1, 2, 9),
(2, 2, 9),
(3, 2, 9),
(1, 3, 9),
(1, 1, 10),
(3, 1, 10),
(5, 1, 10),
(1, 2, 10),
(3, 2, 10),
(1, 3, 10),
(1, 1, 11),
(5, 1, 11),
(1, 2, 11),
(2, 2, 11),
(1, 1, 12),
(2, 1, 12),
(5, 1, 12),
(1, 2, 12),
(2, 2, 12),
(1, 1, 13),
(2, 1, 13),
(1, 2, 13),
(2, 2, 13),
(1, 1, 14),
(2, 1, 14),
(3, 1, 14),
(1, 2, 14),
(1, 3, 14),
(1, 1, 15),
(2, 1, 15),
(3, 1, 15),
(2, 2, 15),
(3, 2, 15),
(2, 1, 16),
(3, 1, 16),
(1, 2, 16),
(2, 2, 16),
(3, 2, 16),
(1, 3, 16),
(1, 1, 17),
(2, 1, 17),
(5, 1, 17),
(1, 2, 17),
(2, 2, 17),
(3, 2, 17),
(2, 1, 18),
(3, 1, 18),
(4, 1, 18),
(5, 1, 18),
(1, 2, 18),
(1, 1, 19),
(2, 1, 19),
(5, 1, 19),
(3, 2, 19),
(1, 3, 19),
(1, 1, 20),
(2, 1, 20),
(3, 1, 20),
(1, 1, 21),
(2, 1, 21),
(3, 1, 21),
(2, 2, 21),
(3, 2, 21),
(1, 3, 21),
(1, 1, 22),
(5, 1, 22),
(1, 2, 22),
(1, 3, 22),
(1, 1, 23),
(2, 1, 23),
(3, 1, 23),
(2, 2, 23),
(3, 2, 23),
(1, 3, 23);